{
  "hash": "9cbc50bc",
  "configHash": "727e9b5c",
  "lockfileHash": "6f710c32",
  "browserHash": "98b9fb61",
  "optimized": {
    "@angular/cdk/bidi": {
      "src": "../../../../../../node_modules/@angular/cdk/fesm2022/bidi.mjs",
      "file": "@angular_cdk_bidi.js",
      "fileHash": "1ffea5df",
      "needsInterop": false
    },
    "@angular/cdk/scrolling": {
      "src": "../../../../../../node_modules/@angular/cdk/fesm2022/scrolling.mjs",
      "file": "@angular_cdk_scrolling.js",
      "fileHash": "0b817895",
      "needsInterop": false
    },
    "@angular/cdk/text-field": {
      "src": "../../../../../../node_modules/@angular/cdk/fesm2022/text-field.mjs",
      "file": "@angular_cdk_text-field.js",
      "fileHash": "f1582d37",
      "needsInterop": false
    },
    "@angular/common": {
      "src": "../../../../../../node_modules/@angular/common/fesm2022/common.mjs",
      "file": "@angular_common.js",
      "fileHash": "374e7037",
      "needsInterop": false
    },
    "@angular/common/http": {
      "src": "../../../../../../node_modules/@angular/common/fesm2022/http.mjs",
      "file": "@angular_common_http.js",
      "fileHash": "6d70076e",
      "needsInterop": false
    },
    "@angular/core": {
      "src": "../../../../../../node_modules/@angular/core/fesm2022/core.mjs",
      "file": "@angular_core.js",
      "fileHash": "7177a40c",
      "needsInterop": false
    },
    "@angular/forms": {
      "src": "../../../../../../node_modules/@angular/forms/fesm2022/forms.mjs",
      "file": "@angular_forms.js",
      "fileHash": "31da0280",
      "needsInterop": false
    },
    "@angular/material/button": {
      "src": "../../../../../../node_modules/@angular/material/fesm2022/button.mjs",
      "file": "@angular_material_button.js",
      "fileHash": "871e4fe9",
      "needsInterop": false
    },
    "@angular/material/core": {
      "src": "../../../../../../node_modules/@angular/material/fesm2022/core.mjs",
      "file": "@angular_material_core.js",
      "fileHash": "bf37b1cd",
      "needsInterop": false
    },
    "@angular/material/datepicker": {
      "src": "../../../../../../node_modules/@angular/material/fesm2022/datepicker.mjs",
      "file": "@angular_material_datepicker.js",
      "fileHash": "224230be",
      "needsInterop": false
    },
    "@angular/material/dialog": {
      "src": "../../../../../../node_modules/@angular/material/fesm2022/dialog.mjs",
      "file": "@angular_material_dialog.js",
      "fileHash": "78ab08a1",
      "needsInterop": false
    },
    "@angular/material/form-field": {
      "src": "../../../../../../node_modules/@angular/material/fesm2022/form-field.mjs",
      "file": "@angular_material_form-field.js",
      "fileHash": "da2cd0e7",
      "needsInterop": false
    },
    "@angular/material/icon": {
      "src": "../../../../../../node_modules/@angular/material/fesm2022/icon.mjs",
      "file": "@angular_material_icon.js",
      "fileHash": "99165eaf",
      "needsInterop": false
    },
    "@angular/material/input": {
      "src": "../../../../../../node_modules/@angular/material/fesm2022/input.mjs",
      "file": "@angular_material_input.js",
      "fileHash": "8e28778a",
      "needsInterop": false
    },
    "@angular/material/paginator": {
      "src": "../../../../../../node_modules/@angular/material/fesm2022/paginator.mjs",
      "file": "@angular_material_paginator.js",
      "fileHash": "31042096",
      "needsInterop": false
    },
    "@angular/material/select": {
      "src": "../../../../../../node_modules/@angular/material/fesm2022/select.mjs",
      "file": "@angular_material_select.js",
      "fileHash": "faaf17f3",
      "needsInterop": false
    },
    "@angular/material/sort": {
      "src": "../../../../../../node_modules/@angular/material/fesm2022/sort.mjs",
      "file": "@angular_material_sort.js",
      "fileHash": "a0fd8aeb",
      "needsInterop": false
    },
    "@angular/material/table": {
      "src": "../../../../../../node_modules/@angular/material/fesm2022/table.mjs",
      "file": "@angular_material_table.js",
      "fileHash": "468c924a",
      "needsInterop": false
    },
    "@angular/platform-browser": {
      "src": "../../../../../../node_modules/@angular/platform-browser/fesm2022/platform-browser.mjs",
      "file": "@angular_platform-browser.js",
      "fileHash": "c990cad4",
      "needsInterop": false
    },
    "@angular/platform-browser/animations": {
      "src": "../../../../../../node_modules/@angular/platform-browser/fesm2022/animations.mjs",
      "file": "@angular_platform-browser_animations.js",
      "fileHash": "128a9565",
      "needsInterop": false
    },
    "@angular/router": {
      "src": "../../../../../../node_modules/@angular/router/fesm2022/router.mjs",
      "file": "@angular_router.js",
      "fileHash": "adfb3648",
      "needsInterop": false
    },
    "sweetalert2": {
      "src": "../../../../../../node_modules/sweetalert2/dist/sweetalert2.esm.all.js",
      "file": "sweetalert2.js",
      "fileHash": "6af90e60",
      "needsInterop": false
    },
    "zone.js": {
      "src": "../../../../../../node_modules/zone.js/fesm2015/zone.js",
      "file": "zone__js.js",
      "fileHash": "ce4774b2",
      "needsInterop": true
    }
  },
  "chunks": {
    "chunk-7TNP4FCF": {
      "file": "chunk-7TNP4FCF.js"
    },
    "chunk-SARVQNGJ": {
      "file": "chunk-SARVQNGJ.js"
    },
    "chunk-LLBLO7OE": {
      "file": "chunk-LLBLO7OE.js"
    },
    "chunk-5Q6VGZK3": {
      "file": "chunk-5Q6VGZK3.js"
    },
    "chunk-YHSQDOPN": {
      "file": "chunk-YHSQDOPN.js"
    },
    "chunk-CA2K4EFC": {
      "file": "chunk-CA2K4EFC.js"
    },
    "chunk-E3DYLL2Y": {
      "file": "chunk-E3DYLL2Y.js"
    },
    "chunk-JQP3E4LP": {
      "file": "chunk-JQP3E4LP.js"
    },
    "chunk-PJRNEX2Z": {
      "file": "chunk-PJRNEX2Z.js"
    },
    "chunk-KLK74DGA": {
      "file": "chunk-KLK74DGA.js"
    },
    "chunk-EFLLBFHU": {
      "file": "chunk-EFLLBFHU.js"
    },
    "chunk-BUFMFNIE": {
      "file": "chunk-BUFMFNIE.js"
    },
    "chunk-U7Q4Y64S": {
      "file": "chunk-U7Q4Y64S.js"
    },
    "chunk-OPWCU3MK": {
      "file": "chunk-OPWCU3MK.js"
    },
    "chunk-UMY4ZIQS": {
      "file": "chunk-UMY4ZIQS.js"
    },
    "chunk-TAXVGTKO": {
      "file": "chunk-TAXVGTKO.js"
    },
    "chunk-FH3RNSXN": {
      "file": "chunk-FH3RNSXN.js"
    },
    "chunk-UNASS2MX": {
      "file": "chunk-UNASS2MX.js"
    },
    "chunk-NAXGGWOQ": {
      "file": "chunk-NAXGGWOQ.js"
    },
    "chunk-P2NFVB57": {
      "file": "chunk-P2NFVB57.js"
    },
    "chunk-QCETVJKM": {
      "file": "chunk-QCETVJKM.js"
    },
    "chunk-3CVNEUTT": {
      "file": "chunk-3CVNEUTT.js"
    },
    "chunk-DQ7OVFPD": {
      "file": "chunk-DQ7OVFPD.js"
    },
    "chunk-UHOGFIZD": {
      "file": "chunk-UHOGFIZD.js"
    },
    "chunk-EOFW2REK": {
      "file": "chunk-EOFW2REK.js"
    },
    "chunk-OL3D3HJX": {
      "file": "chunk-OL3D3HJX.js"
    },
    "chunk-ZLSWVNK6": {
      "file": "chunk-ZLSWVNK6.js"
    },
    "chunk-VHM7L3WC": {
      "file": "chunk-VHM7L3WC.js"
    },
    "chunk-VSFNIRQL": {
      "file": "chunk-VSFNIRQL.js"
    },
    "chunk-636JCMZ5": {
      "file": "chunk-636JCMZ5.js"
    },
    "chunk-KE6VOWJ3": {
      "file": "chunk-KE6VOWJ3.js"
    },
    "chunk-WDMUDEB6": {
      "file": "chunk-WDMUDEB6.js"
    }
  }
}